name,phone,address
Miftahul Islam,01742855755,Rajshahi
Samiul Islam,01742855755,Dhaka
Mizanur Rahman,01742855755,Chittagong
Milon Rahman,01742855755,Sylhet
Kamal Ali,01474857894,Bogra
Fahim Islam,01597880658,Narayanganj
Yasir Chowdhury,01438612819,Dhaka
Riaz Miah,01574122604,Khulna
Touhid Amin,01382631276,Gazipur
Abir Miah,01418173142,Cox's Bazar
Fahim Sheikh,01575405399,Rajshahi
Rafiq Miah,01934248597,Comilla
Saif Chowdhury,01961081662,Feni
Javed Amin,01976453507,Chittagong
Zahid Uddin,01381542561,Narayanganj
Habib Rahman,01952479018,Feni
Zahid Talukder,01395245084,Jessore
Jamal Amin,01644349056,Jessore
Saif Khan,01458812529,Comilla
Kamal Miah,01332296635,Barisal
Khalid Uddin,01876059331,Mymensingh
Nabil Uddin,01857425570,Bogra
Tanvir Ali,01580091418,Sylhet
Arif Khan,01489159154,Narayanganj
Jamal Sarker,01845919526,Barisal
Atif Mollah,01817108377,Khulna
Nafis Islam,01527004714,Feni
Saif Sheikh,01634057063,Jessore
Hasan Islam,01373348147,Cox's Bazar
Kamal Sheikh,01658921813,Comilla
Zaman Uddin,01692425003,Chittagong
Tanvir Rahman,01511440155,Rangpur
Mahbub Khan,01588847596,Sylhet
Mahmud Khan,01978701562,Comilla
Farhan Sheikh,01976751231,Barisal
Shafiq Uddin,01841999196,Feni
Abir Khan,01874346959,Narayanganj
Salam Amin,01863939947,Narayanganj
Jamil Hasan,01743386349,Bogra
Nabil Khan,01541325918,Comilla
Nayan Ahmed,01667759573,Barisal
Nafis Chowdhury,01971440373,Barisal
Atif Sheikh,01471341725,Rangpur
Jamil Talukder,01448645049,Dhaka
Rubel Islam,01561389959,Narayanganj
Yasir Sarker,01475016607,Khulna
Sakib Mollah,01994231044,Khulna
Sajjad Hasan,01310573483,Feni
Salam Miah,01321658495,Gazipur
Riaz Amin,01728969103,Mymensingh
Touhid Chowdhury,01671374723,Bogra
Masud Miah,01526149862,Feni
Anik Rahman,01644916795,Cox's Bazar
Jamil Amin,01356826910,Rangpur